day;delta;algorithm;avg_M;max_M
2025-12-01;300;ttv;22670.651525115936;64128.346255700126
2025-12-02;300;ttv;16043.771732728388;43098.016794669005
2025-12-03;300;ttv;24869.58318208462;47651.13076470542
2025-12-04;300;ttv;17830.00064506293;38236.523404143685
2025-12-05;300;ttv;19719.70489761631;47149.62073017681
2025-12-06;300;ttv;10133.334953714157;30429.308146507527
2025-12-07;300;ttv;6624.93493142855;34520.38371068166
2025-12-08;300;ttv;5783.4177401283105;18964.78950951574
2025-12-09;300;ttv;7780.233240187895;43276.925651939986
2025-12-10;300;ttv;8161.7911560000275;35732.20779957512
2025-12-11;300;ttv;8950.848000748816;27461.7133563296
2025-12-12;300;ttv;8897.042846930497;27732.114820940158
2025-12-13;300;ttv;6916.606166383056;12795.509117550451
2025-12-14;300;ttv;10569.410834944272;40660.683011987334
2025-12-15;300;ttv;13579.645071247354;35240.85498874875
2025-12-16;300;ttv;12045.747665160427;29230.79377975698
2025-12-17;300;ttv;15277.394814836112;66065.72160548349
2025-12-18;300;ttv;14338.444365077276;52237.75029962168
2025-12-19;300;ttv;12334.30705119926;36260.293352538465
2025-12-20;300;ttv;5582.77053970785;9694.185786643873
2025-12-21;300;ttv;6689.362367702384;24089.275135663687
2025-12-22;300;ttv;9438.743287218063;17827.15717381572
2025-12-23;300;ttv;7528.776308391069;13085.82713059764
2025-12-24;300;ttv;7895.186807041658;15327.204175889754
2025-12-25;300;ttv;7189.115595810578;17016.50972559563
2025-12-26;300;ttv;8152.11433708879;18594.14598136158
2025-12-27;300;ttv;6461.027354161368;13312.530406420692
2025-12-28;300;ttv;8541.054429095602;17676.084824551028
2025-12-29;300;ttv;12556.052370198191;32224.29768767442
2025-12-30;300;ttv;9633.183103213934;18855.101335668645
2025-12-31;300;ttv;8669.299444447735;17033.56211985699
2025-12-01;300;defi;2065.111223732491;4949.596631617648
2025-12-02;300;defi;1705.3513466896216;4433.391582947723
2025-12-03;300;defi;1701.58215030429;3280.9813368095765
2025-12-04;300;defi;1509.4228746883311;3355.0126312573198
2025-12-05;300;defi;1726.0783186569256;4210.92743035385
2025-12-06;300;defi;709.3159072565235;3320.1615430715037
2025-12-07;300;defi;586.1647890018991;3230.438883996069
2025-12-08;300;defi;1483.2145028829934;3529.8507980663094
2025-12-09;300;defi;1746.4102993250713;3726.694817907342
2025-12-10;300;defi;1574.6519153176512;4078.291226839393
2025-12-11;300;defi;1750.7833100632747;3420.7198285039026
2025-12-12;300;defi;1473.2971448274095;3424.1936262212557
2025-12-13;300;defi;702.9250750172139;3310.731374346106
2025-12-14;300;defi;797.5647493718263;3495.1979148985843
2025-12-15;300;defi;1545.3921053098138;3219.722837878975
2025-12-16;300;defi;1470.3337342558054;3357.4018638111806
2025-12-17;300;defi;1464.3570102703682;3758.5647600130806
2025-12-18;300;defi;1451.4925533226417;3975.2497561218406
2025-12-19;300;defi;1478.2091666301385;3148.906043188344
2025-12-20;300;defi;562.3340473391856;3218.7399097413636
2025-12-21;300;defi;473.7597190412053;2664.9688300813514
2025-12-22;300;defi;1276.8837837795772;2852.2036866027343
2025-12-23;300;defi;1553.8550384735568;3388.765747651419
2025-12-24;300;defi;1304.2828231246122;3376.374452855911
2025-12-25;300;defi;696.2771020456798;3007.4039804294025
2025-12-26;300;defi;1115.0935726952134;3079.6523614829616
2025-12-27;300;defi;603.2638862797464;3056.65580968227
2025-12-28;300;defi;706.4497415241784;4395.669655236536
2025-12-29;300;defi;1718.8971306924325;4124.20108794571
2025-12-30;300;defi;1705.1284643431597;4974.790722630022
2025-12-31;300;defi;1597.9698075235995;3943.5107560496676
2025-12-01;300;asp;692.5101024835781;2208.5867864225697
2025-12-02;300;asp;544.9563214106239;1978.2530038540144
2025-12-03;300;asp;526.8540866004043;1315.9922847327525
2025-12-04;300;asp;476.95403368874304;1069.8710543111654
2025-12-05;300;asp;563.9098423746244;2860.6857706833503
2025-12-06;300;asp;222.2778209173355;788.1089130835979
2025-12-07;300;asp;195.61139261221575;817.9205836784306
2025-12-08;300;asp;481.9065376122885;1494.8563078026202
2025-12-09;300;asp;535.7471918196368;1396.4139780895778
2025-12-10;300;asp;560.6548871062134;1588.3736493494578
2025-12-11;300;asp;549.7503314924354;1365.6568163855045
2025-12-12;300;asp;494.4347303704124;1114.3714922938718
2025-12-13;300;asp;224.5685568806741;887.1930390464263
2025-12-14;300;asp;284.32248279545195;1781.797446679529
2025-12-15;300;asp;514.0517827128507;1654.450340444521
2025-12-16;300;asp;496.30435799583;1106.4671913610628
2025-12-17;300;asp;534.9247809444322;2685.6780762387807
2025-12-18;300;asp;462.6185377795303;1401.7342729282498
2025-12-19;300;asp;495.62347243580695;1298.5911514037057
2025-12-20;300;asp;195.86505926741125;927.844279317489
2025-12-21;300;asp;149.0300319548656;750.3374927563545
2025-12-22;300;asp;389.6675081026076;893.6107549469951
2025-12-23;300;asp;499.779009959179;1453.8631185570928
2025-12-24;300;asp;463.39127687568015;1724.7323260094481
2025-12-25;300;asp;252.28672013690402;765.6048545980111
2025-12-26;300;asp;379.9132673602002;990.2653877047857
2025-12-27;300;asp;244.69287189853912;1193.1557476432326
2025-12-28;300;asp;216.96167017590147;1341.6608872179497
2025-12-29;300;asp;544.157324923953;1354.7604179903783
2025-12-30;300;asp;576.4922159766047;2102.987179098272
2025-12-31;300;asp;585.5504114665448;2044.5182760681057
2025-12-01;900;ttv;66917.9227466728;138883.94158243237
2025-12-02;900;ttv;48683.267160613555;76364.27869686118
2025-12-03;900;ttv;72655.45553467484;104082.54647129623
2025-12-04;900;ttv;55252.85939206437;94678.46994949844
2025-12-05;900;ttv;57861.107545802224;115169.58882401201
2025-12-06;900;ttv;32303.642768369024;61032.9946382336
2025-12-07;900;ttv;18705.236690119473;48665.38268684838
2025-12-08;900;ttv;18928.444809431337;41333.52049820439
2025-12-09;900;ttv;22225.822816391934;71387.15183832169
2025-12-10;900;ttv;24859.838576139562;74896.576466704
2025-12-11;900;ttv;26471.482384195922;58763.695610857125
2025-12-12;900;ttv;26977.980005391095;65605.86122899904
2025-12-13;900;ttv;20738.517684715447;26681.107402892914
2025-12-14;900;ttv;28807.29413856465;73203.18342099387
2025-12-15;900;ttv;42514.76960549897;77126.93119500428
2025-12-16;900;ttv;36942.72989085672;68505.8484917321
2025-12-17;900;ttv;45056.28080787725;99782.11793026062
2025-12-18;900;ttv;43182.368780753444;96706.26604585712
2025-12-19;900;ttv;37489.5470405826;65515.8629249249
2025-12-20;900;ttv;16779.490956095317;22162.32640429951
2025-12-21;900;ttv;18628.64422286893;42917.93160793178
2025-12-22;900;ttv;29608.93176968409;50565.64607843962
2025-12-23;900;ttv;22324.966706445743;31393.864362881563
2025-12-24;900;ttv;23862.99842910161;32592.997373735314
2025-12-25;900;ttv;21007.865685066197;30284.813498588523
2025-12-26;900;ttv;24989.73760259859;35521.339618271995
2025-12-27;900;ttv;18968.74304723817;31005.760416982575
2025-12-28;900;ttv;25315.474486089806;41722.76022270929
2025-12-29;900;ttv;38409.50224866276;70315.85894171307
2025-12-30;900;ttv;28280.916103039955;47309.443483097966
2025-12-31;900;ttv;25803.92787363004;35739.504031819655
2025-12-01;900;defi;6022.925620647574;12368.221844666605
2025-12-02;900;defi;5153.676077932481;9465.852556137812
2025-12-03;900;defi;5112.784118803117;7306.200726411028
2025-12-04;900;defi;4530.079467246127;6253.752913205932
2025-12-05;900;defi;5164.64310721279;8057.7629840325035
2025-12-06;900;defi;2175.80468400934;5187.799605483556
2025-12-07;900;defi;1728.5596017989712;4057.1000522526165
2025-12-08;900;defi;4408.703635829369;8995.591781166702
2025-12-09;900;defi;5165.468083614012;8907.83005222732
2025-12-10;900;defi;4746.842858170823;7600.069231529134
2025-12-11;900;defi;5182.347259668036;7205.868792137746
2025-12-12;900;defi;4489.349173888293;7031.68864878457
2025-12-13;900;defi;2163.7946807154785;5487.244949446165
2025-12-14;900;defi;2368.1097610326838;4638.103098970031
2025-12-15;900;defi;4542.28713939818;7845.802130504548
2025-12-16;900;defi;4456.956147857781;6347.206435474336
2025-12-17;900;defi;4354.838296925028;7909.216830381433
2025-12-18;900;defi;4357.485327363238;6310.962231168332
2025-12-19;900;defi;4440.113267133019;7711.40185874811
2025-12-20;900;defi;1754.3171150735393;5059.855616038354
2025-12-21;900;defi;1407.8425699853651;3445.212228306078
2025-12-22;900;defi;3739.2078405950374;6054.859490816013
2025-12-23;900;defi;4631.276316182292;7726.096163869415
2025-12-24;900;defi;3993.5277731212855;6481.601983368743
2025-12-25;900;defi;2103.541156338969;4105.76882017265
2025-12-26;900;defi;3315.3988161298744;5107.915404393127
2025-12-27;900;defi;1843.850343838449;4126.665775831289
2025-12-28;900;defi;1864.8870703895343;6451.477591541307
2025-12-29;900;defi;5328.700737141052;7643.498508939803
2025-12-30;900;defi;5073.040064342234;9475.50900148547
2025-12-31;900;defi;4815.195312979151;8650.355768413287
2025-12-01;900;asp;1398.8217675509575;3603.5823245231327
2025-12-02;900;asp;1255.7989133352078;2911.360933398869
2025-12-03;900;asp;1293.0756640621473;2354.951835719996
2025-12-04;900;asp;1057.0553498195147;1800.8373544584322
2025-12-05;900;asp;1324.0548001200455;3321.3124363330776
2025-12-06;900;asp;541.261912876215;1300.5984788099584
2025-12-07;900;asp;494.21365773805246;1340.1703907416868
2025-12-08;900;asp;1178.3081930695714;3121.1499177608625
2025-12-09;900;asp;1223.636621533887;2172.9388588726406
2025-12-10;900;asp;1380.3625147472906;3043.9816947950217
2025-12-11;900;asp;1272.9021307299258;2096.346582005316
2025-12-12;900;asp;1137.369681170424;1814.397305185726
2025-12-13;900;asp;563.0170873196171;1514.4921383732408
2025-12-14;900;asp;738.958972185847;2096.093862295299
2025-12-15;900;asp;1146.5743134795762;2545.403835011999
2025-12-16;900;asp;1046.1456073508127;1861.0951604285963
2025-12-17;900;asp;1274.728247989139;3511.1080026184495
2025-12-18;900;asp;1113.7899018267167;2199.7535325010745
2025-12-19;900;asp;1112.6930402558298;1923.1757635831032
2025-12-20;900;asp;479.9758230047817;1244.1863467625692
2025-12-21;900;asp;354.3381478088207;1100.9290691418855
2025-12-22;900;asp;890.7693841291357;1598.6255497784257
2025-12-23;900;asp;1028.93754967295;1860.7722400849675
2025-12-24;900;asp;1107.9508521947696;2458.1149916088284
2025-12-25;900;asp;631.4632434295897;1245.3458296243628
2025-12-26;900;asp;881.3518105615435;1677.827780959274
2025-12-27;900;asp;657.7549746862998;1565.0045649132128
2025-12-28;900;asp;520.6212234440198;2288.5527497825233
2025-12-29;900;asp;1326.2620833992737;2336.882922645422
2025-12-30;900;asp;1284.1431056159772;2750.310970708536
2025-12-31;900;asp;1382.217105024019;2405.404223921891
2025-12-01;1500;ttv;108299.89698990335;206993.40445757884
2025-12-02;1500;ttv;82865.79145235455;124037.16903222747
2025-12-03;1500;ttv;119323.75992526488;169253.6389882608
2025-12-04;1500;ttv;93860.22291912934;143890.9268269452
2025-12-05;1500;ttv;95228.58466317371;166503.3566578098
2025-12-06;1500;ttv;56264.332374796926;102218.38852016872
2025-12-07;1500;ttv;30929.226081672907;73293.23060082155
2025-12-08;1500;ttv;32493.79627759085;60835.437255371944
2025-12-09;1500;ttv;35447.37311277872;87298.12829979979
2025-12-10;1500;ttv;40098.051247155185;88825.25983576012
2025-12-11;1500;ttv;44919.87801863298;81275.77565792983
2025-12-12;1500;ttv;45505.71693693566;102473.90844672054
2025-12-13;1500;ttv;35512.10186494692;55153.78243096637
2025-12-14;1500;ttv;46181.014507279375;98311.32892133869
2025-12-15;1500;ttv;70311.58695436272;105147.87417966478
2025-12-16;1500;ttv;63140.12220211983;91102.99427477489
2025-12-17;1500;ttv;74129.59964611389;167229.57674258875
2025-12-18;1500;ttv;71140.65707791722;126603.60462949229
2025-12-19;1500;ttv;63890.47686690654;96858.59643587189
2025-12-20;1500;ttv;29034.285580607637;54743.25960440932
2025-12-21;1500;ttv;30080.746242817248;56935.892002923305
2025-12-22;1500;ttv;49971.042488999985;75826.22203747567
2025-12-23;1500;ttv;37111.95659828112;47044.473667271974
2025-12-24;1500;ttv;39997.68403897928;49171.37687238595
2025-12-25;1500;ttv;35215.024914326335;45071.30187409675
2025-12-26;1500;ttv;41683.34078027993;58312.56362754325
2025-12-27;1500;ttv;30826.809478238672;42645.39172593363
2025-12-28;1500;ttv;42329.27503074619;58500.826934327786
2025-12-29;1500;ttv;64163.335324636915;98046.31098132103
2025-12-30;1500;ttv;46843.59147228551;65450.83078918373
2025-12-31;1500;ttv;42545.373362345206;51794.44349309122
2025-12-01;1500;defi;9747.0627069999;16522.672895251733
2025-12-02;1500;defi;8625.397809572385;13698.36824964974
2025-12-03;1500;defi;8569.933593116404;11788.078602920115
2025-12-04;1500;defi;7506.864518479129;9754.527703583637
2025-12-05;1500;defi;8521.271607624136;12049.322528042752
2025-12-06;1500;defi;3899.020652166137;10578.598900415356
2025-12-07;1500;defi;2876.513300007383;5291.179153404134
2025-12-08;1500;defi;7227.644626478655;12991.903644099166
2025-12-09;1500;defi;8412.634137431218;12888.008449334286
2025-12-10;1500;defi;7954.498177785705;11737.47036190947
2025-12-11;1500;defi;8631.707195018435;10221.763260571082
2025-12-12;1500;defi;7571.916350231805;10577.672102141762
2025-12-13;1500;defi;3759.560601355293;8762.942576415526
2025-12-14;1500;defi;3936.208771184776;6120.703649093861
2025-12-15;1500;defi;7364.443949418173;11467.793774234498
2025-12-16;1500;defi;7515.601664156599;9862.031379076883
2025-12-17;1500;defi;7226.67178000932;11232.932758454468
2025-12-18;1500;defi;7190.324786959505;9505.060669509607
2025-12-19;1500;defi;7446.15122430738;11257.667912926545
2025-12-20;1500;defi;3139.7370499975946;8431.586596930294
2025-12-21;1500;defi;2330.581425622566;4381.905335290152
2025-12-22;1500;defi;6098.561820406982;9167.005084882212
2025-12-23;1500;defi;7535.872040146547;11494.772408978179
2025-12-24;1500;defi;6906.356947428436;11918.08649040977
2025-12-25;1500;defi;3584.0600027715104;5828.854869579034
2025-12-26;1500;defi;5428.214808534122;7376.077405464247
2025-12-27;1500;defi;3126.8740434637307;6373.102891847405
2025-12-28;1500;defi;2958.9336626901445;7368.87813829426
2025-12-29;1500;defi;8724.887195032581;11127.742229653044
2025-12-30;1500;defi;8536.18817524371;14075.01004313693
2025-12-31;1500;defi;7962.482162425208;12315.219201340125
2025-12-01;1500;asp;2097.3250063502155;4121.199241782874
2025-12-02;1500;asp;1947.844470458725;3503.376177864328
2025-12-03;1500;asp;1918.0259618599653;3373.7431944997443
2025-12-04;1500;asp;1571.508278848944;2578.3060696317275
2025-12-05;1500;asp;1911.3290173593111;4280.321985933627
2025-12-06;1500;asp;935.5160361937023;3823.177190563434
2025-12-07;1500;asp;756.844813305366;1736.3057263144435
2025-12-08;1500;asp;1744.0569365437352;3641.1169190517253
2025-12-09;1500;asp;1812.7836480120777;2993.356972835769
2025-12-10;1500;asp;2030.9333829824764;3487.07969619649
2025-12-11;1500;asp;1924.7720446833505;3007.9792411321673
2025-12-12;1500;asp;1804.283873073346;2924.9680383414884
2025-12-13;1500;asp;870.2984226616705;2077.7664176314606
2025-12-14;1500;asp;1111.6838615442168;2333.60245222404
2025-12-15;1500;asp;1668.8144717427112;2825.20578651957
2025-12-16;1500;asp;1563.4392631134185;2555.003298616382
2025-12-17;1500;asp;1962.6098657934992;4241.638848528402
2025-12-18;1500;asp;1471.9129090427027;2406.7011519498656
2025-12-19;1500;asp;1636.7830716396431;2586.1532343048802
2025-12-20;1500;asp;772.5759003055377;2118.563990710646
2025-12-21;1500;asp;561.5595163635481;1337.3445782295346
2025-12-22;1500;asp;1285.5668860777043;2092.428643188294
2025-12-23;1500;asp;1473.297997720256;2916.533650970004
2025-12-24;1500;asp;1624.3223422073497;2845.957618991437
2025-12-25;1500;asp;985.9565002081288;1659.871776383771
2025-12-26;1500;asp;1320.3641479108503;1886.3456461331398
2025-12-27;1500;asp;1000.2672213597598;2272.9460649708267
2025-12-28;1500;asp;815.2114375684077;2637.888614514083
2025-12-29;1500;asp;1913.9786519154393;2765.58213724282
2025-12-30;1500;asp;1897.8224545901764;3719.4693859569647
2025-12-31;1500;asp;1999.3993050879615;3230.1677395092033
2025-12-01;2100;ttv;148533.63138042873;245584.86548949272
2025-12-02;2100;ttv;116230.0854075617;154970.00484938026
2025-12-03;2100;ttv;164702.66011268258;211923.83331508117
2025-12-04;2100;ttv;132832.68635467274;198924.505932161
2025-12-05;2100;ttv;132354.36406606418;221479.53244965905
2025-12-06;2100;ttv;83096.51707382982;155050.78510740274
2025-12-07;2100;ttv;43084.4652407542;87703.5420632512
2025-12-08;2100;ttv;46898.570356414304;87936.18783449849
2025-12-09;2100;ttv;48553.100096611415;111761.89347898777
2025-12-10;2100;ttv;53098.93093684125;106936.39223481556
2025-12-11;2100;ttv;65168.60664411429;117479.2308712047
2025-12-12;2100;ttv;62021.69194699976;129508.18727696894
2025-12-13;2100;ttv;52743.617603757746;104791.30880948025
2025-12-14;2100;ttv;62478.07174200065;130523.51066112268
2025-12-15;2100;ttv;96814.325361118;132639.1078360414
2025-12-16;2100;ttv;90362.59249557687;128967.5052146066
2025-12-17;2100;ttv;99077.27703299077;204496.78023947033
2025-12-18;2100;ttv;100684.7062701812;163539.9417103282
2025-12-19;2100;ttv;92007.54554200654;144705.09112174768
2025-12-20;2100;ttv;43621.84243843086;104079.91590634637
2025-12-21;2100;ttv;41239.78184287758;65938.9820219632
2025-12-22;2100;ttv;69179.52333665776;96336.4198360117
2025-12-23;2100;ttv;52563.68330520087;65190.59080387203
2025-12-24;2100;ttv;56569.59557651058;62324.18448445332
2025-12-25;2100;ttv;49648.05229262804;60001.02350331524
2025-12-26;2100;ttv;57895.97573525065;74200.22531426033
2025-12-27;2100;ttv;43088.802986099196;53455.889316089124
2025-12-28;2100;ttv;58692.214255649116;76791.2361898176
2025-12-29;2100;ttv;90112.07519751908;118801.58473837012
2025-12-30;2100;ttv;65126.281753353425;85182.3658455764
2025-12-31;2100;ttv;59537.09196691556;70194.02229970433
2025-12-01;2100;defi;13224.770826597705;20603.282540693155
2025-12-02;2100;defi;12125.974541863976;17604.858149346364
2025-12-03;2100;defi;12057.491425342569;15647.537446104696
2025-12-04;2100;defi;10459.333557172346;13372.346654572471
2025-12-05;2100;defi;11846.631116427816;17333.705990783914
2025-12-06;2100;defi;5863.654936361885;13876.38646993195
2025-12-07;2100;defi;3994.771620988514;6389.3047883329555
2025-12-08;2100;defi;9927.27552753374;16040.67808931773
2025-12-09;2100;defi;11582.580346536744;17266.279833446028
2025-12-10;2100;defi;11119.746092121073;15788.05585141375
2025-12-11;2100;defi;12147.494250234724;14702.561331954603
2025-12-12;2100;defi;10661.821760412264;14013.208741439032
2025-12-13;2100;defi;5553.050127834559;12311.293495312799
2025-12-14;2100;defi;5447.025592597307;7065.183277883914
2025-12-15;2100;defi;10028.86151413607;15060.755691835519
2025-12-16;2100;defi;10566.349210972252;13496.818643271003
2025-12-17;2100;defi;10163.031425398853;14023.135498504509
2025-12-18;2100;defi;10014.222576894537;12738.92010816118
2025-12-19;2100;defi;10461.000520276268;15133.796235313966
2025-12-20;2100;defi;4705.6937496407445;11841.324272531223
2025-12-21;2100;defi;3245.435402662752;5270.227422874523
2025-12-22;2100;defi;8269.88482390754;12291.584884319545
2025-12-23;2100;defi;10319.24131476407;15660.005194746615
2025-12-24;2100;defi;10061.051735991898;14902.207185704896
2025-12-25;2100;defi;5142.368095368571;7404.578810345724
2025-12-26;2100;defi;7424.0191804289825;9696.561722316568
2025-12-27;2100;defi;4494.291670103405;8322.936596308342
2025-12-28;2100;defi;4062.529904989697;8030.754846770097
2025-12-29;2100;defi;11921.520961839607;15442.975302593912
2025-12-30;2100;defi;11952.766388753022;17387.69411742657
2025-12-31;2100;defi;11167.82472742909;16674.354338096156
2025-12-01;2100;asp;2673.340246910507;5030.867790975712
2025-12-02;2100;asp;2463.0646914688305;4685.399653408845
2025-12-03;2100;asp;2480.3925212230583;3963.3790977251147
2025-12-04;2100;asp;2000.3911395894265;3244.8813628507596
2025-12-05;2100;asp;2260.0202661311855;5208.0082973073595
2025-12-06;2100;asp;1328.3457500703914;4426.91642145187
2025-12-07;2100;asp;886.6961656789676;2194.288657832254
2025-12-08;2100;asp;2204.095739782333;4299.125467856962
2025-12-09;2100;asp;2213.751584962186;3718.243703833348
2025-12-10;2100;asp;2536.669499543448;4470.254288782567
2025-12-11;2100;asp;2342.965402727772;4464.254521027239
2025-12-12;2100;asp;2196.7365976882766;3182.7690017339182
2025-12-13;2100;asp;1027.4749977186566;2971.9457369454594
2025-12-14;2100;asp;1521.4749201659704;2898.2021621933413
2025-12-15;2100;asp;2145.991778849341;3395.20275486706
2025-12-16;2100;asp;1885.3334946848458;3151.827426608925
2025-12-17;2100;asp;2494.431530310106;4684.898685069036
2025-12-18;2100;asp;1835.147477535843;2750.3874278802377
2025-12-19;2100;asp;1966.5832812718281;3599.5563941965997
2025-12-20;2100;asp;928.7290038664331;2774.267503812636
2025-12-21;2100;asp;686.2674621151715;1427.30725585079
2025-12-22;2100;asp;1571.7220362145406;2602.217984378474
2025-12-23;2100;asp;1761.5385714303186;3456.09740406139
2025-12-24;2100;asp;2006.3185184168733;3160.9689533245223
2025-12-25;2100;asp;1235.0865535042278;1843.3563115524028
2025-12-26;2100;asp;1595.5247657573261;2270.5438016736393
2025-12-27;2100;asp;1198.1228066323565;2386.057986204248
2025-12-28;2100;asp;1057.379466031992;2772.208354759253
2025-12-29;2100;asp;2424.9209320255404;3004.0199507247116
2025-12-30;2100;asp;2396.9425753590676;4058.797318803516
2025-12-31;2100;asp;2425.7921128526136;3803.185932547299
